

1.Find all employees with name ending with R . 
mysql> select * from emp
    -> where ename like "%r";
+-------+--------+----------+------+------------+---------+------+--------+
| EMPNO | ENAME  | JOB      | MGR  | HIREDATE   | SAL     | COMM | DEPTNO |
+-------+--------+----------+------+------------+---------+------+--------+
|  7844 | TURNER | SALESMAN | 7698 | 1981-09-08 | 1500.00 | 0.00 |     30 |
|  7934 | MILLER | CLERK    |  777 | 1982-01-23 | 1495.00 | NULL |     10 |
+-------+--------+----------+------+------------+---------+------+--------+
2 rows in set (0.00 sec)


2. Find all employees with name starting with M and ending with R.
mysql> select * from emp
    -> where ename like "m%r";
+-------+--------+-------+------+------------+---------+------+--------+
| EMPNO | ENAME  | JOB   | MGR  | HIREDATE   | SAL     | COMM | DEPTNO |
+-------+--------+-------+------+------------+---------+------+--------+
|  7934 | MILLER | CLERK |  777 | 1982-01-23 | 1495.00 | NULL |     10 |
+-------+--------+-------+------+------------+---------+------+--------+
1 row in set (0.00 sec)
 
3. To find all employees with name starting with either M or A.
mysql> select * from emp
    -> where ename like "m%" or ename like "a%";
+-------+--------+----------+------+------------+---------+---------+--------+
| EMPNO | ENAME  | JOB      | MGR  | HIREDATE   | SAL     | COMM    | DEPTNO |
+-------+--------+----------+------+------------+---------+---------+--------+
|  7499 | ALLEN  | SALESMAN | 7698 | 1981-02-20 | 1600.00 |  300.00 |     30 |
|  7654 | MARTIN | SALESMAN | 7698 | 1981-09-28 | 1250.00 | 1400.00 |     30 |
|  7876 | ADAMS  | CLERK    | 7788 | 1983-01-12 | 1100.00 |    NULL |     20 |
|  7934 | MILLER | CLERK    |  777 | 1982-01-23 | 1495.00 |    NULL |     10 |
+-------+--------+----------+------+------------+---------+---------+--------+
4 rows in set (0.00 sec)
 
4. List the employee  name having letter 'L' as the second character.
mysql> select * from emp
    -> where ename like "_l%";
+-------+-------+----------+------+------------+---------+--------+--------+
| EMPNO | ENAME | JOB      | MGR  | HIREDATE   | SAL     | COMM   | DEPTNO |
+-------+-------+----------+------+------------+---------+--------+--------+
|  7499 | ALLEN | SALESMAN | 7698 | 1981-02-20 | 1600.00 | 300.00 |     30 |
|  7698 | BLAKE | MANAGER  | 7839 | 1981-05-01 | 2850.00 |   NULL |     30 |
|  7782 | CLARK | MANAGER  |  777 | 1981-06-09 | 2817.50 |   NULL |     10 |
+-------+-------+----------+------+------------+---------+--------+--------+
3 rows in set (0.00 sec)
 
5. Find all employees with name having L at 3 rd position.
mysql> select * from emp
    -> where ename like "__l%";
+-------+--------+----------+------+------------+---------+--------+--------+
| EMPNO | ENAME  | JOB      | MGR  | HIREDATE   | SAL     | COMM   | DEPTNO |
+-------+--------+----------+------+------------+---------+--------+--------+
|  7499 | ALLEN  | SALESMAN | 7698 | 1981-02-20 | 1600.00 | 300.00 |     30 |
|  7934 | MILLER | CLERK    |  777 | 1982-01-23 | 1495.00 |   NULL |     10 |
+-------+--------+----------+------+------------+---------+--------+--------+
2 rows in set (0.00 sec)
 
6. To list all employees with name ending by ES.
mysql> select * from emp
    -> where ename like "%es";
+-------+-------+---------+------+------------+---------+------+--------+
| EMPNO | ENAME | JOB     | MGR  | HIREDATE   | SAL     | COMM | DEPTNO |
+-------+-------+---------+------+------------+---------+------+--------+
|  7566 | JONES | MANAGER | 7839 | 1981-04-02 | 2975.00 | NULL |     20 |
|  7900 | JAMES | CLERK   | 7698 | 1981-12-03 |  950.00 | NULL |     30 |
+-------+-------+---------+------+------------+---------+------+--------+
2 rows in set (0.00 sec)

 
7. To list all employees with job starting with C and ending with K.
mysql> select * from emp
    -> where job like "c%k";
+-------+--------+-------+------+------------+---------+------+--------+
| EMPNO | ENAME  | JOB   | MGR  | HIREDATE   | SAL     | COMM | DEPTNO |
+-------+--------+-------+------+------------+---------+------+--------+
|  7369 | SMITH  | CLERK | 7902 | 1980-12-17 |  800.00 | NULL |     20 |
|  7876 | ADAMS  | CLERK | 7788 | 1983-01-12 | 1100.00 | NULL |     20 |
|  7900 | JAMES  | CLERK | 7698 | 1981-12-03 |  950.00 | NULL |     30 |
|  7934 | MILLER | CLERK |  777 | 1982-01-23 | 1495.00 | NULL |     10 |
+-------+--------+-------+------+------------+---------+------+--------+
4 rows in set (0.00 sec)
 
8. To find all employees with name starting with either M or A and last character as either R or E.
mysql> select * from emp
    -> where (ename like'm%' or ename like 'a%')
    ->   and (ename like'%r' or ename like '%e');
+-------+--------+-------+------+------------+---------+------+--------+
| EMPNO | ENAME  | JOB   | MGR  | HIREDATE   | SAL     | COMM | DEPTNO |
+-------+--------+-------+------+------------+---------+------+--------+
|  7934 | MILLER | CLERK |  777 | 1982-01-23 | 1495.00 | NULL |     10 |
+-------+--------+-------+------+------------+---------+------+--------+
1 row in set (0.00 sec)


9. To find all employee with name starting with A or M and ending with E.
mysql> select * from emp
    -> where (ename like "a%" or ename like "m%") and ename like "%e";
Empty set (0.00 sec)
 

10. Find all employees with name starting with A and ending with N, or it may start with S and end with H.
mysql> select * from emp
    -> where (ename like "a%" and ename like "%n") or (ename like "s%" and ename like "%h" );
+-------+-------+----------+------+------------+---------+--------+--------+
| EMPNO | ENAME | JOB      | MGR  | HIREDATE   | SAL     | COMM   | DEPTNO |
+-------+-------+----------+------+------------+---------+--------+--------+
|  7369 | SMITH | CLERK    | 7902 | 1980-12-17 |  800.00 |   NULL |     20 |
|  7499 | ALLEN | SALESMAN | 7698 | 1981-02-20 | 1600.00 | 300.00 |     30 |
+-------+-------+----------+------+------------+---------+--------+--------+
2 rows in set (0.00 sec)


11. Find all employees with name starting with M, having  L at 3 rd position and ends with R.
mysql> select * from emp
    -> where ename like "m_l%r";
+-------+--------+-------+------+------------+---------+------+--------+
| EMPNO | ENAME  | JOB   | MGR  | HIREDATE   | SAL     | COMM | DEPTNO |
+-------+--------+-------+------+------------+---------+------+--------+
|  7934 | MILLER | CLERK |  777 | 1982-01-23 | 1495.00 | NULL |     10 |
+-------+--------+-------+------+------------+---------+------+--------+
1 row in set (0.00 sec)


12. Find all employees with name having L at 3 rd position and E at second last position.
mysql> select * from emp
    -> where ename like "__l%e_";
+-------+--------+----------+------+------------+---------+--------+--------+
| EMPNO | ENAME  | JOB      | MGR  | HIREDATE   | SAL     | COMM   | DEPTNO |
+-------+--------+----------+------+------------+---------+--------+--------+
|  7499 | ALLEN  | SALESMAN | 7698 | 1981-02-20 | 1600.00 | 300.00 |     30 |
|  7934 | MILLER | CLERK    |  777 | 1982-01-23 | 1495.00 |   NULL |     10 |
+-------+--------+----------+------+------------+---------+--------+--------+
2 rows in set (0.00 sec)

 
13. Find all employees with name not starting with A or M
mysql> select * from emp
    -> where ename not like "a%" and ename not like "m%";
+-------+--------+-----------+------+------------+---------+--------+--------+
| EMPNO | ENAME  | JOB       | MGR  | HIREDATE   | SAL     | COMM   | DEPTNO |
+-------+--------+-----------+------+------------+---------+--------+--------+
|  7369 | SMITH  | CLERK     | 7902 | 1980-12-17 |  800.00 |   NULL |     20 |
|  7521 | WARD   | SALESMAN  | 7698 | 1981-02-22 | 1250.00 | 500.00 |     30 |
|  7566 | JONES  | MANAGER   | 7839 | 1981-04-02 | 2975.00 |   NULL |     20 |
|  7698 | BLAKE  | MANAGER   | 7839 | 1981-05-01 | 2850.00 |   NULL |     30 |
|  7782 | CLARK  | MANAGER   |  777 | 1981-06-09 | 2817.50 |   NULL |     10 |
|  7788 | SCOTT  | ANALYST   | 7566 | 1982-12-09 | 3000.00 |   NULL |     20 |
|  7839 | KING   | PRESIDENT |  777 | 1981-11-17 | 5750.00 |   NULL |     10 |
|  7844 | TURNER | SALESMAN  | 7698 | 1981-09-08 | 1500.00 |   0.00 |     30 |
|  7900 | JAMES  | CLERK     | 7698 | 1981-12-03 |  950.00 |   NULL |     30 |
|  7902 | FORD   | ANALYST   | 7566 | 1981-12-03 | 3000.00 |   NULL |     20 |
+-------+--------+-----------+------+------------+---------+--------+--------+
10 rows in set (0.00 sec)
 

14. Display all employees with sal >1000 and sal<3000 and job has A at starting position and ends with T.
 mysql> select * from emp
    -> where sal>1000 and sal<3000 and job like "a%t";
Empty set (0.00 sec)


15. Write a query  to display empno, ename, sal, commission, increased sal by 10% and for all employees  whose  name starts with A,M or S.
mysql> select empno, ename,sal, comm,sal+(sal* 0.1) "increased sal"  from emp
    -> where ename like "a%" or ename like "m%" or ename like "s%";
+-------+--------+---------+---------+---------------+
| empno | ename  | sal     | comm    | increased sal |
+-------+--------+---------+---------+---------------+
|  7369 | SMITH  |  800.00 |    NULL |       880.000 |
|  7499 | ALLEN  | 1600.00 |  300.00 |      1760.000 |
|  7654 | MARTIN | 1250.00 | 1400.00 |      1375.000 |
|  7788 | SCOTT  | 3000.00 |    NULL |      3300.000 |
|  7876 | ADAMS  | 1100.00 |    NULL |      1210.000 |
|  7934 | MILLER | 1495.00 |    NULL |      1644.500 |
+-------+--------+---------+---------+---------------+
6 rows in set (0.00 sec)


16. Display all employees whose name starts with A and ends with either N or S, or works in dept 10.   
mysql> select * from emp
    -> where ename like "a%n" or ename like "a%s" or deptno=10;
+-------+--------+-----------+------+------------+---------+--------+--------+
| EMPNO | ENAME  | JOB       | MGR  | HIREDATE   | SAL     | COMM   | DEPTNO |
+-------+--------+-----------+------+------------+---------+--------+--------+
|  7499 | ALLEN  | SALESMAN  | 7698 | 1981-02-20 | 1600.00 | 300.00 |     30 |
|  7782 | CLARK  | MANAGER   |  777 | 1981-06-09 | 2817.50 |   NULL |     10 |
|  7839 | KING   | PRESIDENT |  777 | 1981-11-17 | 5750.00 |   NULL |     10 |
|  7876 | ADAMS  | CLERK     | 7788 | 1983-01-12 | 1100.00 |   NULL |     20 |
|  7934 | MILLER | CLERK     |  777 | 1982-01-23 | 1495.00 |   NULL |     10 |
+-------+--------+-----------+------+------------+---------+--------+--------+
5 rows in set (0.00 sec)


17. List all departments whose name has atleast 8 characters.
mysql> select * from emp
    -> where job like "________";
+-------+--------+----------+------+------------+---------+---------+--------+
| EMPNO | ENAME  | JOB      | MGR  | HIREDATE   | SAL     | COMM    | DEPTNO |
+-------+--------+----------+------+------------+---------+---------+--------+
|  7499 | ALLEN  | SALESMAN | 7698 | 1981-02-20 | 1600.00 |  300.00 |     30 |
|  7521 | WARD   | SALESMAN | 7698 | 1981-02-22 | 1250.00 |  500.00 |     30 |
|  7654 | MARTIN | SALESMAN | 7698 | 1981-09-28 | 1250.00 | 1400.00 |     30 |
|  7844 | TURNER | SALESMAN | 7698 | 1981-09-08 | 1500.00 |    0.00 |     30 |
+-------+--------+----------+------+------------+---------+---------+--------+
4 rows in set (0.00 sec)


18. List the employees name having 'E' as a second last character.
mysql> select * from emp
    -> where ename like "%e_";
+-------+--------+----------+------+------------+---------+--------+--------+
| EMPNO | ENAME  | JOB      | MGR  | HIREDATE   | SAL     | COMM   | DEPTNO |
+-------+--------+----------+------+------------+---------+--------+--------+
|  7499 | ALLEN  | SALESMAN | 7698 | 1981-02-20 | 1600.00 | 300.00 |     30 |
|  7566 | JONES  | MANAGER  | 7839 | 1981-04-02 | 2975.00 |   NULL |     20 |
|  7844 | TURNER | SALESMAN | 7698 | 1981-09-08 | 1500.00 |   0.00 |     30 |
|  7900 | JAMES  | CLERK    | 7698 | 1981-12-03 |  950.00 |   NULL |     30 |
|  7934 | MILLER | CLERK    |  777 | 1982-01-23 | 1495.00 |   NULL |     10 |
+-------+--------+----------+------+------------+---------+--------+--------+
5 rows in set (0.00 sec)

 
19. List the details of the employee , whose names start with ‘A’ and end with ‘S’ or whose names contains N as the second or third     character, and end with either ‘N’ or ‘S’.
mysql> select * from emp
    -> where ename like "a%s" or ename like "%nn" or ename like "%ns" or ename like "%n_n" or ename like "%n_s";
+-------+-------+---------+------+------------+---------+------+--------+
| EMPNO | ENAME | JOB     | MGR  | HIREDATE   | SAL     | COMM | DEPTNO |
+-------+-------+---------+------+------------+---------+------+--------+
|  7566 | JONES | MANAGER | 7839 | 1981-04-02 | 2975.00 | NULL |     20 |
|  7876 | ADAMS | CLERK   | 7788 | 1983-01-12 | 1100.00 | NULL |     20 |
+-------+-------+---------+------+------------+---------+------+--------+
2 rows in set (0.00 sec) 


20. List employees whose name starts with either 'A' or 'S' in dept 20.
mysql> SELECT * FROM emp
    -> where (ename like "a%" or ename like "s%") and deptno=20;
+-------+-------+---------+------+------------+---------+------+--------+
| EMPNO | ENAME | JOB     | MGR  | HIREDATE   | SAL     | COMM | DEPTNO |
+-------+-------+---------+------+------------+---------+------+--------+
|  7369 | SMITH | CLERK   | 7902 | 1980-12-17 |  800.00 | NULL |     20 |
|  7788 | SCOTT | ANALYST | 7566 | 1982-12-09 | 3000.00 | NULL |     20 |
|  7876 | ADAMS | CLERK   | 7788 | 1983-01-12 | 1100.00 | NULL |     20 |
+-------+-------+---------+------+------------+---------+------+--------+
3 rows in set (0.00 sec)

 
21. To list all employees with job starting with C , E at 3rd position and  ending with K.
mysql> select * from emp
    -> where job like
    -> "c_e%k";
+-------+--------+-------+------+------------+---------+------+--------+
| EMPNO | ENAME  | JOB   | MGR  | HIREDATE   | SAL     | COMM | DEPTNO |
+-------+--------+-------+------+------------+---------+------+--------+
|  7369 | SMITH  | CLERK | 7902 | 1980-12-17 |  800.00 | NULL |     20 |
|  7876 | ADAMS  | CLERK | 7788 | 1983-01-12 | 1100.00 | NULL |     20 |
|  7900 | JAMES  | CLERK | 7698 | 1981-12-03 |  950.00 | NULL |     30 |
|  7934 | MILLER | CLERK |  777 | 1982-01-23 | 1495.00 | NULL |     10 |
+-------+--------+-------+------+------------+---------+------+--------+
4 rows in set (0.00 sec)


22. To list all employees with job containing L at third position and M at third last position.
mysql> select * from emp
    -> where job like "__l%m__";
+-------+--------+----------+------+------------+---------+---------+--------+
| EMPNO | ENAME  | JOB      | MGR  | HIREDATE   | SAL     | COMM    | DEPTNO |
+-------+--------+----------+------+------------+---------+---------+--------+
|  7499 | ALLEN  | SALESMAN | 7698 | 1981-02-20 | 1600.00 |  300.00 |     30 |
|  7521 | WARD   | SALESMAN | 7698 | 1981-02-22 | 1250.00 |  500.00 |     30 |
|  7654 | MARTIN | SALESMAN | 7698 | 1981-09-28 | 1250.00 | 1400.00 |     30 |
|  7844 | TURNER | SALESMAN | 7698 | 1981-09-08 | 1500.00 |    0.00 |     30 |
+-------+--------+----------+------+------------+---------+---------+--------+
4 rows in set (0.00 sec)


23. To list all employees with comm is null and name starts with ‘S’
mysql> select * from emp
    -> where comm is null and ename like "s%";
+-------+-------+---------+------+------------+---------+------+--------+
| EMPNO | ENAME | JOB     | MGR  | HIREDATE   | SAL     | COMM | DEPTNO |
+-------+-------+---------+------+------------+---------+------+--------+
|  7369 | SMITH | CLERK   | 7902 | 1980-12-17 |  800.00 | NULL |     20 |
|  7788 | SCOTT | ANALYST | 7566 | 1982-12-09 | 3000.00 | NULL |     20 |
+-------+-------+---------+------+------------+---------+------+--------+
2 rows in set (0.00 sec)
 
24. List employees in all dept whose salary not in the range of 2000 to 3000 with the job which is having a  string called 'MAN' at the end.
mysql> select * from emp
    -> where sal not between 2000 and 3000 and job like "%man";
+-------+--------+----------+------+------------+---------+---------+--------+
| EMPNO | ENAME  | JOB      | MGR  | HIREDATE   | SAL     | COMM    | DEPTNO |
+-------+--------+----------+------+------------+---------+---------+--------+
|  7499 | ALLEN  | SALESMAN | 7698 | 1981-02-20 | 1600.00 |  300.00 |     30 |
|  7521 | WARD   | SALESMAN | 7698 | 1981-02-22 | 1250.00 |  500.00 |     30 |
|  7654 | MARTIN | SALESMAN | 7698 | 1981-09-28 | 1250.00 | 1400.00 |     30 |
|  7844 | TURNER | SALESMAN | 7698 | 1981-09-08 | 1500.00 |    0.00 |     30 |
+-------+--------+----------+------+------------+---------+---------+--------+
4 rows in set (0.00 sec)


25. List all the employee whose name does not end with 'S' in dept 20 and 30?
mysql> select * from emp
    -> where ename not like "%s%" and (deptno=20 or deptno=30);
+-------+--------+----------+------+------------+---------+---------+--------+
| EMPNO | ENAME  | JOB      | MGR  | HIREDATE   | SAL     | COMM    | DEPTNO |
+-------+--------+----------+------+------------+---------+---------+--------+
|  7499 | ALLEN  | SALESMAN | 7698 | 1981-02-20 | 1600.00 |  300.00 |     30 |
|  7521 | WARD   | SALESMAN | 7698 | 1981-02-22 | 1250.00 |  500.00 |     30 |
|  7654 | MARTIN | SALESMAN | 7698 | 1981-09-28 | 1250.00 | 1400.00 |     30 |
|  7698 | BLAKE  | MANAGER  | 7839 | 1981-05-01 | 2850.00 |    NULL |     30 |
|  7844 | TURNER | SALESMAN | 7698 | 1981-09-08 | 1500.00 |    0.00 |     30 |
|  7902 | FORD   | ANALYST  | 7566 | 1981-12-03 | 3000.00 |    NULL |     20 |
+-------+--------+----------+------+------------+---------+---------+--------+
6 rows in set (0.00 sec)


26. Display list all employees whose name ends with ER.
mysql> select * from emp
    -> where ename like "%er"
    -> ;
+-------+--------+----------+------+------------+---------+------+--------+
| EMPNO | ENAME  | JOB      | MGR  | HIREDATE   | SAL     | COMM | DEPTNO |
+-------+--------+----------+------+------------+---------+------+--------+
|  7844 | TURNER | SALESMAN | 7698 | 1981-09-08 | 1500.00 | 0.00 |     30 |
|  7934 | MILLER | CLERK    |  777 | 1982-01-23 | 1495.00 | NULL |     10 |
+-------+--------+----------+------+------------+---------+------+--------+
2 rows in set (0.00 sec)

 
27. Display all employees where comm is null and name starts with ‘S’.
mysql> select * from emp
    -> where comm is null and ename like "s%";
+-------+-------+---------+------+------------+---------+------+--------+
| EMPNO | ENAME | JOB     | MGR  | HIREDATE   | SAL     | COMM | DEPTNO |
+-------+-------+---------+------+------------+---------+------+--------+
|  7369 | SMITH | CLERK   | 7902 | 1980-12-17 |  800.00 | NULL |     20 |
|  7788 | SCOTT | ANALYST | 7566 | 1982-12-09 | 3000.00 | NULL |     20 |
+-------+-------+---------+------+------------+---------+------+--------+
2 rows in set (0.00 sec)

 
28. Display all rows where comm is null.
mysql> select * from emp
    -> where comm is null;
+-------+--------+-----------+------+------------+---------+------+--------+
| EMPNO | ENAME  | JOB       | MGR  | HIREDATE   | SAL     | COMM | DEPTNO |
+-------+--------+-----------+------+------------+---------+------+--------+
|  7369 | SMITH  | CLERK     | 7902 | 1980-12-17 |  800.00 | NULL |     20 |
|  7566 | JONES  | MANAGER   | 7839 | 1981-04-02 | 2975.00 | NULL |     20 |
|  7698 | BLAKE  | MANAGER   | 7839 | 1981-05-01 | 2850.00 | NULL |     30 |
|  7782 | CLARK  | MANAGER   |  777 | 1981-06-09 | 2817.50 | NULL |     10 |
|  7788 | SCOTT  | ANALYST   | 7566 | 1982-12-09 | 3000.00 | NULL |     20 |
|  7839 | KING   | PRESIDENT |  777 | 1981-11-17 | 5750.00 | NULL |     10 |
|  7876 | ADAMS  | CLERK     | 7788 | 1983-01-12 | 1100.00 | NULL |     20 |
|  7900 | JAMES  | CLERK     | 7698 | 1981-12-03 |  950.00 | NULL |     30 |
|  7902 | FORD   | ANALYST   | 7566 | 1981-12-03 | 3000.00 | NULL |     20 |
|  7934 | MILLER | CLERK     |  777 | 1982-01-23 | 1495.00 | NULL |     10 |
+-------+--------+-----------+------+------------+---------+------+--------+
10 rows in set (0.00 sec)
 

19. Create table dept10 same as dept and table emp10 same as emp.
    From tables emp10  and dept10 display the following data. 
    eno, ename, sal, dno and dept name.

mysql> create table dept10 as select * from dept;
Query OK, 4 rows affected (0.02 sec)
Records: 4  Duplicates: 0  Warnings: 0

mysql> select * from dept10;
+--------+------------+----------+
| DEPTNO | DNAME      | LOC      |
+--------+------------+----------+
|     10 | ACCOUNTING | NEW YORK |
|     20 | RESEARCH   | DALLAS   |
|     30 | SALES      | CHICAGO  |
|     40 | OPERATIONS | BOSTON   |
+--------+------------+----------+
4 rows in set (0.00 sec)
mysql> create table emp10 as select * from emp;
Query OK, 14 rows affected (0.02 sec)
Records: 14  Duplicates: 0  Warnings: 0

mysql> select * from emp10;
+-------+--------+-----------+------+------------+---------+---------+--------+
| EMPNO | ENAME  | JOB       | MGR  | HIREDATE   | SAL     | COMM    | DEPTNO |
+-------+--------+-----------+------+------------+---------+---------+--------+
|  7369 | SMITH  | CLERK     | 7902 | 1980-12-17 |  800.00 |    NULL |     20 |
|  7499 | ALLEN  | SALESMAN  | 7698 | 1981-02-20 | 1600.00 |  300.00 |     30 |
|  7521 | WARD   | SALESMAN  | 7698 | 1981-02-22 | 1250.00 |  500.00 |     30 |
|  7566 | JONES  | MANAGER   | 7839 | 1981-04-02 | 2975.00 |    NULL |     20 |
|  7654 | MARTIN | SALESMAN  | 7698 | 1981-09-28 | 1250.00 | 1400.00 |     30 |
|  7698 | BLAKE  | MANAGER   | 7839 | 1981-05-01 | 2850.00 |    NULL |     30 |
|  7782 | CLARK  | MANAGER   |  777 | 1981-06-09 | 2817.50 |    NULL |     10 |
|  7788 | SCOTT  | ANALYST   | 7566 | 1982-12-09 | 3000.00 |    NULL |     20 |
|  7839 | KING   | PRESIDENT |  777 | 1981-11-17 | 5750.00 |    NULL |     10 |
|  7844 | TURNER | SALESMAN  | 7698 | 1981-09-08 | 1500.00 |    0.00 |     30 |
|  7876 | ADAMS  | CLERK     | 7788 | 1983-01-12 | 1100.00 |    NULL |     20 |
|  7900 | JAMES  | CLERK     | 7698 | 1981-12-03 |  950.00 |    NULL |     30 |
|  7902 | FORD   | ANALYST   | 7566 | 1981-12-03 | 3000.00 |    NULL |     20 |
|  7934 | MILLER | CLERK     |  777 | 1982-01-23 | 1495.00 |    NULL |     10 |
+-------+--------+-----------+------+------------+---------+---------+--------+
14 rows in set (0.00 sec)

mysql> select e.empno,e.ename,e.sal,e.deptno,d.dname
    -> from emp10 e, dept10 d
    -> where e.deptno=d.deptno;
+-------+--------+---------+--------+------------+
| empno | ename  | sal     | deptno | dname      |
+-------+--------+---------+--------+------------+
|  7369 | SMITH  |  800.00 |     20 | RESEARCH   |
|  7499 | ALLEN  | 1600.00 |     30 | SALES      |
|  7521 | WARD   | 1250.00 |     30 | SALES      |
|  7566 | JONES  | 2975.00 |     20 | RESEARCH   |
|  7654 | MARTIN | 1250.00 |     30 | SALES      |
|  7698 | BLAKE  | 2850.00 |     30 | SALES      |
|  7782 | CLARK  | 2817.50 |     10 | ACCOUNTING |
|  7788 | SCOTT  | 3000.00 |     20 | RESEARCH   |
|  7839 | KING   | 5750.00 |     10 | ACCOUNTING |
|  7844 | TURNER | 1500.00 |     30 | SALES      |
|  7876 | ADAMS  | 1100.00 |     20 | RESEARCH   |
|  7900 | JAMES  |  950.00 |     30 | SALES      |
|  7902 | FORD   | 3000.00 |     20 | RESEARCH   |
|  7934 | MILLER | 1495.00 |     10 | ACCOUNTING |
+-------+--------+---------+--------+------------+
14 rows in set (0.00 sec)




====================================================================

 